Workbook

Sheet 사용법
B1: 스마트스토어 정산·마진 관리 대시보드
B3: ① [설정] 시트의 노란색 셀에 내 스토어 수수료율과 목표를 입력하세요.
B4: ② [판매기록] 시트에 주문 1건당 1행씩 입력하세요 (노란 머리글 열만 입력, 나머지는 자동 계산).
B5: ③ [대시보드] 시트에서 월별 실적·목표 진척률·상품별 조회를 확인하세요.
B7: 색상 규칙: 파란 글씨 = 직접 입력하는 값 | 검은 글씨 = 자동 계산(수정 금지) | 노란 배경 = 꼭 채워야 하는 셀
B8: 참고: 판매기록 2행에 예시 데이터가 1건 들어 있습니다. 실제 입력 시 지우고 쓰세요.
B9: 수수료율 기본값(3.63%+2.00%)은 스마트스토어 일반 등급 기준 예시입니다. 내 등급의 실제 요율은 판매자센터>정산관리에서 확인 후 [설정]에서 수정하세요.

Sheet 설정
A1: 항목 | B1: 값 | C1: 설명
A2: 주문관리 수수료율 | B2: 0.0363 | C2: 카드결제 기준 예시. 내 등급 요율로 수정
A3: 네이버쇼핑 유입 수수료율 | B3: 0.02 | C3: 네이버쇼핑 검색 경유 주문에 부과
A4: 목표 마진율 | B4: 0.18 | C4: 신규 등록 시 기준 마진
A5: 기간 순익 목표(원) | B5: 1000000 | C5: 대시보드 진척률의 분모

Sheet 판매기록
A1: 날짜 | B1: 상품명 | C1: 판매가(개당) | D1: 수량 | E1: 도매원가(개당) | F1: 공급사배송비(건) | G1: 매출액 | H1: 수수료 | I1: 정산예정액 | J1: 총원가 | K1: 순이익 | L1: 마진율
A2: 46249 | B2: 레이테 피크닉매트 270x210 | C2: 39500 | D2: 1 | E2: 28000 | F2: 1750 | G2: =IF($B2="","",C2*D2) | H2: =IF($B2="","",G2*(설정!$B$2+설정!$B$3)) | I2: =IF($B2="","",G2-H2) | J2: =IF($B2="","",E2*D2+F2) | K2: =IF($B2="","",I2-J2) | L2: =IF($B2="","",IFERROR(K2/G2,0))
G3: =IF($B3="","",C3*D3) | H3: =IF($B3="","",G3*(설정!$B$2+설정!$B$3)) | I3: =IF($B3="","",G3-H3) | J3: =IF($B3="","",E3*D3+F3) | K3: =IF($B3="","",I3-J3) | L3: =IF($B3="","",IFERROR(K3/G3,0))
G4: =IF($B4="","",C4*D4) | H4: =IF($B4="","",G4*(설정!$B$2+설정!$B$3)) | I4: =IF($B4="","",G4-H4) | J4: =IF($B4="","",E4*D4+F4) | K4: =IF($B4="","",I4-J4) | L4: =IF($B4="","",IFERROR(K4/G4,0))
G5: =IF($B5="","",C5*D5) | H5: =IF($B5="","",G5*(설정!$B$2+설정!$B$3)) | I5: =IF($B5="","",G5-H5) | J5: =IF($B5="","",E5*D5+F5) | K5: =IF($B5="","",I5-J5) | L5: =IF($B5="","",IFERROR(K5/G5,0))
G6: =IF($B6="","",C6*D6) | H6: =IF($B6="","",G6*(설정!$B$2+설정!$B$3)) | I6: =IF($B6="","",G6-H6) | J6: =IF($B6="","",E6*D6+F6) | K6: =IF($B6="","",I6-J6) | L6: =IF($B6="","",IFERROR(K6/G6,0))
G7: =IF($B7="","",C7*D7) | H7: =IF($B7="","",G7*(설정!$B$2+설정!$B$3)) | I7: =IF($B7="","",G7-H7) | J7: =IF($B7="","",E7*D7+F7) | K7: =IF($B7="","",I7-J7) | L7: =IF($B7="","",IFERROR(K7/G7,0))
G8: =IF($B8="","",C8*D8) | H8: =IF($B8="","",G8*(설정!$B$2+설정!$B$3)) | I8: =IF($B8="","",G8-H8) | J8: =IF($B8="","",E8*D8+F8) | K8: =IF($B8="","",I8-J8) | L8: =IF($B8="","",IFERROR(K8/G8,0))
G9: =IF($B9="","",C9*D9) | H9: =IF($B9="","",G9*(설정!$B$2+설정!$B$3)) | I9: =IF($B9="","",G9-H9) | J9: =IF($B9="","",E9*D9+F9) | K9: =IF($B9="","",I9-J9) | L9: =IF($B9="","",IFERROR(K9/G9,0))
G10: =IF($B10="","",C10*D10) | H10: =IF($B10="","",G10*(설정!$B$2+설정!$B$3)) | I10: =IF($B10="","",G10-H10) | J10: =IF($B10="","",E10*D10+F10) | K10: =IF($B10="","",I10-J10) | L10: =IF($B10="","",IFERROR(K10/G10,0))
G11: =IF($B11="","",C11*D11) | H11: =IF($B11="","",G11*(설정!$B$2+설정!$B$3)) | I11: =IF($B11="","",G11-H11) | J11: =IF($B11="","",E11*D11+F11) | K11: =IF($B11="","",I11-J11) | L11: =IF($B11="","",IFERROR(K11/G11,0))
G12: =IF($B12="","",C12*D12) | H12: =IF($B12="","",G12*(설정!$B$2+설정!$B$3)) | I12: =IF($B12="","",G12-H12) | J12: =IF($B12="","",E12*D12+F12) | K12: =IF($B12="","",I12-J12) | L12: =IF($B12="","",IFERROR(K12/G12,0))
G13: =IF($B13="","",C13*D13) | H13: =IF($B13="","",G13*(설정!$B$2+설정!$B$3)) | I13: =IF($B13="","",G13-H13) | J13: =IF($B13="","",E13*D13+F13) | K13: =IF($B13="","",I13-J13) | L13: =IF($B13="","",IFERROR(K13/G13,0))
G14: =IF($B14="","",C14*D14) | H14: =IF($B14="","",G14*(설정!$B$2+설정!$B$3)) | I14: =IF($B14="","",G14-H14) | J14: =IF($B14="","",E14*D14+F14) | K14: =IF($B14="","",I14-J14) | L14: =IF($B14="","",IFERROR(K14/G14,0))
... G301: =IF($B301="","",C301*D301) | H301: =IF($B301="","",G301*(설정!$B$2+설정!$B$3)) | I301: =IF($B301="","",G301-H301) | J301: =IF($B301="","",E301*D301+F301) | K301: =IF($B301="","",I301-J301) | L301: =IF($B301="","",IFERROR(K301/G301,0))

Sheet 대시보드
A1: 누적 실적 요약
A2: 총 매출 | B2: =SUM(판매기록!G2:G301)
A3: 총 수수료 | B3: =SUM(판매기록!H2:H301)
A4: 총 정산예정액 | B4: =SUM(판매기록!I2:I301)
A5: 총 원가 | B5: =SUM(판매기록!J2:J301)
A6: 총 순이익 | B6: =SUM(판매기록!K2:K301)
A7: 평균 마진율 | B7: =IFERROR(B6/B2,0)
A8: 판매 건수 | B8: =COUNTIF(판매기록!B2:B301,"<>")
A9: 목표 진척률 | B9: =IFERROR(B6/설정!$B$5,0)
A11: 월별 실적
A12: 월 | B12: 매출 | C12: 수수료 | D12: 정산예정 | E12: 원가 | F12: 순이익 | G12: 건수 | H12: 마진율
A13: 46235 | B13: =SUMIFS(판매기록!$G$2:$G$301,판매기록!$A$2:$A$301,">="&$A13,판매기록!$A$2:$A$301,"<"&EDATE($A13,1)) | C13: =SUMIFS(판매기록!$H$2:$H$301,판매기록!$A$2:$A$301,">="&$A13,판매기록!$A$2:$A$301,"<"&EDATE($A13,1)) | D13: =SUMIFS(판매기록!$I$2:$I$301,판매기록!$A$2:$A$301,">="&$A13,판매기록!$A$2:$A$301,"<"&EDATE($A13,1)) | E13: =SUMIFS(판매기록!$J$2:$J$301,판매기록!$A$2:$A$301,">="&$A13,판매기록!$A$2:$A$301,"<"&EDATE($A13,1)) | F13: =D13-E13 | G13: =COUNTIFS(판매기록!$A$2:$A$301,">="&$A13,판매기록!$A$2:$A$301,"<"&EDATE($A13,1),판매기록!$B$2:$B$301,"<>") | H13: =IFERROR(F13/B13,0)
A14: 46266 | B14: =SUMIFS(판매기록!$G$2:$G$301,판매기록!$A$2:$A$301,">="&$A14,판매기록!$A$2:$A$301,"<"&EDATE($A14,1)) | C14: =SUMIFS(판매기록!$H$2:$H$301,판매기록!$A$2:$A$301,">="&$A14,판매기록!$A$2:$A$301,"<"&EDATE($A14,1)) | D14: =SUMIFS(판매기록!$I$2:$I$301,판매기록!$A$2:$A$301,">="&$A14,판매기록!$A$2:$A$301,"<"&EDATE($A14,1)) | E14: =SUMIFS(판매기록!$J$2:$J$301,판매기록!$A$2:$A$301,">="&$A14,판매기록!$A$2:$A$301,"<"&EDATE($A14,1)) | F14: =D14-E14 | G14: =COUNTIFS(판매기록!$A$2:$A$301,">="&$A14,판매기록!$A$2:$A$301,"<"&EDATE($A14,1),판매기록!$B$2:$B$301,"<>") | H14: =IFERROR(F14/B14,0)
A15: 46296 | B15: =SUMIFS(판매기록!$G$2:$G$301,판매기록!$A$2:$A$301,">="&$A15,판매기록!$A$2:$A$301,"<"&EDATE($A15,1)) | C15: =SUMIFS(판매기록!$H$2:$H$301,판매기록!$A$2:$A$301,">="&$A15,판매기록!$A$2:$A$301,"<"&EDATE($A15,1)) | D15: =SUMIFS(판매기록!$I$2:$I$301,판매기록!$A$2:$A$301,">="&$A15,판매기록!$A$2:$A$301,"<"&EDATE($A15,1)) | E15: =SUMIFS(판매기록!$J$2:$J$301,판매기록!$A$2:$A$301,">="&$A15,판매기록!$A$2:$A$301,"<"&EDATE($A15,1)) | F15: =D15-E15 | G15: =COUNTIFS(판매기록!$A$2:$A$301,">="&$A15,판매기록!$A$2:$A$301,"<"&EDATE($A15,1),판매기록!$B$2:$B$301,"<>") | H15: =IFERROR(F15/B15,0)
A16: 46327 | B16: =SUMIFS(판매기록!$G$2:$G$301,판매기록!$A$2:$A$301,">="&$A16,판매기록!$A$2:$A$301,"<"&EDATE($A16,1)) | C16: =SUMIFS(판매기록!$H$2:$H$301,판매기록!$A$2:$A$301,">="&$A16,판매기록!$A$2:$A$301,"<"&EDATE($A16,1)) | D16: =SUMIFS(판매기록!$I$2:$I$301,판매기록!$A$2:$A$301,">="&$A16,판매기록!$A$2:$A$301,"<"&EDATE($A16,1)) | E16: =SUMIFS(판매기록!$J$2:$J$301,판매기록!$A$2:$A$301,">="&$A16,판매기록!$A$2:$A$301,"<"&EDATE($A16,1)) | F16: =D16-E16 | G16: =COUNTIFS(판매기록!$A$2:$A$301,">="&$A16,판매기록!$A$2:$A$301,"<"&EDATE($A16,1),판매기록!$B$2:$B$301,"<>") | H16: =IFERROR(F16/B16,0)
A17: 46357 | B17: =SUMIFS(판매기록!$G$2:$G$301,판매기록!$A$2:$A$301,">="&$A17,판매기록!$A$2:$A$301,"<"&EDATE($A17,1)) | C17: =SUMIFS(판매기록!$H$2:$H$301,판매기록!$A$2:$A$301,">="&$A17,판매기록!$A$2:$A$301,"<"&EDATE($A17,1)) | D17: =SUMIFS(판매기록!$I$2:$I$301,판매기록!$A$2:$A$301,">="&$A17,판매기록!$A$2:$A$301,"<"&EDATE($A17,1)) | E17: =SUMIFS(판매기록!$J$2:$J$301,판매기록!$A$2:$A$301,">="&$A17,판매기록!$A$2:$A$301,"<"&EDATE($A17,1)) | F17: =D17-E17 | G17: =COUNTIFS(판매기록!$A$2:$A$301,">="&$A17,판매기록!$A$2:$A$301,"<"&EDATE($A17,1),판매기록!$B$2:$B$301,"<>") | H17: =IFERROR(F17/B17,0)
A18: 46388 | B18: =SUMIFS(판매기록!$G$2:$G$301,판매기록!$A$2:$A$301,">="&$A18,판매기록!$A$2:$A$301,"<"&EDATE($A18,1)) | C18: =SUMIFS(판매기록!$H$2:$H$301,판매기록!$A$2:$A$301,">="&$A18,판매기록!$A$2:$A$301,"<"&EDATE($A18,1)) | D18: =SUMIFS(판매기록!$I$2:$I$301,판매기록!$A$2:$A$301,">="&$A18,판매기록!$A$2:$A$301,"<"&EDATE($A18,1)) | E18: =SUMIFS(판매기록!$J$2:$J$301,판매기록!$A$2:$A$301,">="&$A18,판매기록!$A$2:$A$301,"<"&EDATE($A18,1)) | F18: =D18-E18 | G18: =COUNTIFS(판매기록!$A$2:$A$301,">="&$A18,판매기록!$A$2:$A$301,"<"&EDATE($A18,1),판매기록!$B$2:$B$301,"<>") | H18: =IFERROR(F18/B18,0)
A19: 46419 | B19: =SUMIFS(판매기록!$G$2:$G$301,판매기록!$A$2:$A$301,">="&$A19,판매기록!$A$2:$A$301,"<"&EDATE($A19,1)) | C19: =SUMIFS(판매기록!$H$2:$H$301,판매기록!$A$2:$A$301,">="&$A19,판매기록!$A$2:$A$301,"<"&EDATE($A19,1)) | D19: =SUMIFS(판매기록!$I$2:$I$301,판매기록!$A$2:$A$301,">="&$A19,판매기록!$A$2:$A$301,"<"&EDATE($A19,1)) | E19: =SUMIFS(판매기록!$J$2:$J$301,판매기록!$A$2:$A$301,">="&$A19,판매기록!$A$2:$A$301,"<"&EDATE($A19,1)) | F19: =D19-E19 | G19: =COUNTIFS(판매기록!$A$2:$A$301,">="&$A19,판매기록!$A$2:$A$301,"<"&EDATE($A19,1),판매기록!$B$2:$B$301,"<>") | H19: =IFERROR(F19/B19,0)
A20: 46447 | B20: =SUMIFS(판매기록!$G$2:$G$301,판매기록!$A$2:$A$301,">="&$A20,판매기록!$A$2:$A$301,"<"&EDATE($A20,1)) | C20: =SUMIFS(판매기록!$H$2:$H$301,판매기록!$A$2:$A$301,">="&$A20,판매기록!$A$2:$A$301,"<"&EDATE($A20,1)) | D20: =SUMIFS(판매기록!$I$2:$I$301,판매기록!$A$2:$A$301,">="&$A20,판매기록!$A$2:$A$301,"<"&EDATE($A20,1)) | E20: =SUMIFS(판매기록!$J$2:$J$301,판매기록!$A$2:$A$301,">="&$A20,판매기록!$A$2:$A$301,"<"&EDATE($A20,1)) | F20: =D20-E20 | G20: =COUNTIFS(판매기록!$A$2:$A$301,">="&$A20,판매기록!$A$2:$A$301,"<"&EDATE($A20,1),판매기록!$B$2:$B$301,"<>") | H20: =IFERROR(F20/B20,0)
A21: 46478 | B21: =SUMIFS(판매기록!$G$2:$G$301,판매기록!$A$2:$A$301,">="&$A21,판매기록!$A$2:$A$301,"<"&EDATE($A21,1)) | C21: =SUMIFS(판매기록!$H$2:$H$301,판매기록!$A$2:$A$301,">="&$A21,판매기록!$A$2:$A$301,"<"&EDATE($A21,1)) | D21: =SUMIFS(판매기록!$I$2:$I$301,판매기록!$A$2:$A$301,">="&$A21,판매기록!$A$2:$A$301,"<"&EDATE($A21,1)) | E21: =SUMIFS(판매기록!$J$2:$J$301,판매기록!$A$2:$A$301,">="&$A21,판매기록!$A$2:$A$301,"<"&EDATE($A21,1)) | F21: =D21-E21 | G21: =COUNTIFS(판매기록!$A$2:$A$301,">="&$A21,판매기록!$A$2:$A$301,"<"&EDATE($A21,1),판매기록!$B$2:$B$301,"<>") | H21: =IFERROR(F21/B21,0)
A22: 46508 | B22: =SUMIFS(판매기록!$G$2:$G$301,판매기록!$A$2:$A$301,">="&$A22,판매기록!$A$2:$A$301,"<"&EDATE($A22,1)) | C22: =SUMIFS(판매기록!$H$2:$H$301,판매기록!$A$2:$A$301,">="&$A22,판매기록!$A$2:$A$301,"<"&EDATE($A22,1)) | D22: =SUMIFS(판매기록!$I$2:$I$301,판매기록!$A$2:$A$301,">="&$A22,판매기록!$A$2:$A$301,"<"&EDATE($A22,1)) | E22: =SUMIFS(판매기록!$J$2:$J$301,판매기록!$A$2:$A$301,">="&$A22,판매기록!$A$2:$A$301,"<"&EDATE($A22,1)) | F22: =D22-E22 | G22: =COUNTIFS(판매기록!$A$2:$A$301,">="&$A22,판매기록!$A$2:$A$301,"<"&EDATE($A22,1),판매기록!$B$2:$B$301,"<>") | H22: =IFERROR(F22/B22,0)
A23: 46539 | B23: =SUMIFS(판매기록!$G$2:$G$301,판매기록!$A$2:$A$301,">="&$A23,판매기록!$A$2:$A$301,"<"&EDATE($A23,1)) | C23: =SUMIFS(판매기록!$H$2:$H$301,판매기록!$A$2:$A$301,">="&$A23,판매기록!$A$2:$A$301,"<"&EDATE($A23,1)) | D23: =SUMIFS(판매기록!$I$2:$I$301,판매기록!$A$2:$A$301,">="&$A23,판매기록!$A$2:$A$301,"<"&EDATE($A23,1)) | E23: =SUMIFS(판매기록!$J$2:$J$301,판매기록!$A$2:$A$301,">="&$A23,판매기록!$A$2:$A$301,"<"&EDATE($A23,1)) | F23: =D23-E23 | G23: =COUNTIFS(판매기록!$A$2:$A$301,">="&$A23,판매기록!$A$2:$A$301,"<"&EDATE($A23,1),판매기록!$B$2:$B$301,"<>") | H23: =IFERROR(F23/B23,0)
A24: 46569 | B24: =SUMIFS(판매기록!$G$2:$G$301,판매기록!$A$2:$A$301,">="&$A24,판매기록!$A$2:$A$301,"<"&EDATE($A24,1)) | C24: =SUMIFS(판매기록!$H$2:$H$301,판매기록!$A$2:$A$301,">="&$A24,판매기록!$A$2:$A$301,"<"&EDATE($A24,1)) | D24: =SUMIFS(판매기록!$I$2:$I$301,판매기록!$A$2:$A$301,">="&$A24,판매기록!$A$2:$A$301,"<"&EDATE($A24,1)) | E24: =SUMIFS(판매기록!$J$2:$J$301,판매기록!$A$2:$A$301,">="&$A24,판매기록!$A$2:$A$301,"<"&EDATE($A24,1)) | F24: =D24-E24 | G24: =COUNTIFS(판매기록!$A$2:$A$301,">="&$A24,판매기록!$A$2:$A$301,"<"&EDATE($A24,1),판매기록!$B$2:$B$301,"<>") | H24: =IFERROR(F24/B24,0)
A27: 상품별 조회 (상품명 입력) | B27: 판매수량 | C27: 순이익
A28: 레이테 피크닉매트 270x210 | B28: =SUMIFS(판매기록!$D$2:$D$301,판매기록!$B$2:$B$301,$A$28) | C28: =SUMIFS(판매기록!$K$2:$K$301,판매기록!$B$2:$B$301,$A$28)
