Workbook

Sheet 사용법
A1: 위탁판매 주문·발주 트래커
A2: 주문이 들어오면 한 줄 추가하고, 발주하면 발주일을 적는다 — 그것만 하면 정산예정액·순이익·발주지연이 자동으로 계산됩니다.
A4: [1] 색상 규칙
A5: 파란 글씨 | B5: 직접 입력하는 칸입니다. 이 색 글씨의 칸에만 값을 채우세요.
A6: 노란 배경 | B6: 반드시 확인하고 채워야 하는 칸입니다. ([설정] 시트의 수수료율·지연 기준일, [대시보드]의 시작월, [주문트래커]의 '필수' 표시 열)
A7: 검정 글씨 | B7: 자동 계산되는 수식 칸입니다. 지우거나 덮어쓰지 마세요.
A8: 진한 남색 줄 | B8: 표의 머리글(제목) 행입니다.
A9: 머리글 위의 띠 | B9: [주문트래커] 머리글 바로 위 띠는 각 열을 '언제' 채우는지 알려줍니다. 필수 = 주문 받자마자 / 선택 = 있으면 좋은 정보 / 나중입력 = 발주·출고 후에 채움 / 자동 = 손대지 않음
A11: [2] 운영 흐름 (이 3단계만 반복하면 됩니다)
A12: 1단계 주문 | B12: 주문이 들어오면 [주문트래커]에 1행을 추가합니다. 주문일·주문번호·상품명·수량·판매가·도매원가·공급배송비를 적고 상태는 '신규'로 둡니다.
A13: 2단계 발주 | B13: 도매처에 발주하고 결제하면, 같은 행의 발주일과 도매 주문번호를 적고 상태를 '발주완료'로 바꿉니다.
A14: 3단계 출고 | B14: 도매처에서 운송장번호가 나오면 운송장번호 칸에 적고 상태를 '배송중'으로, 구매확정되면 '구매확정'으로 바꿉니다. (취소된 건은 '취소')
A15: 매일 아침 | B15: [대시보드]의 '② 지금 발주해야 할 것'만 보면 오늘 발주할 건수와 필요한 현금이 바로 나옵니다. 발주지연 칸에 '지연!' 이 뜬 주문부터 처리하세요.
A17: [3] 예시 행 안내
B18: [주문트래커] 4행·5행은 사용법을 보여주기 위한 예시입니다. 실제로 쓰기 전에 파란 글씨 칸의 값만 지우세요.
B19: 검정 글씨인 매출액·정산예정액·순이익·발주지연 칸은 수식이므로 지우지 마세요. 실수로 지웠다면 바로 위/아래 행의 같은 칸을 복사해 붙여넣으면 됩니다.
B20: 5행은 상태가 '신규'인 예시입니다. 주문일에서 지연 기준일이 지나면 발주지연 칸에 '지연!' 이 표시됩니다 — 고장이 아니라 기능이 동작하는 모습입니다.
A22: [4] 시트 구성
A23: 설정 | B23: 수수료율·상태 목록·발주 지연 기준일. 내 스토어 조건에 맞게 여기부터 고칩니다.
A24: 주문트래커 | B24: 주문 1건 = 1행. 400건(4~403행) 분량의 수식이 들어 있습니다.
A25: 대시보드 | B25: 상태별 현황, 지금 발주해야 할 건수와 현금, 누적 실적, 월별 12개월 집계.
A26: 공급처메모 | B26: 도매처 연락처·배송 마감시간을 적어두는 수동 메모 시트입니다.
A28: [5] 알아두기
B29: 정산예정액 = 매출액 × (1 − 주문관리 수수료율 − 네이버쇼핑 수수료율). 실제 정산액은 결제수단·등급·프로모션·배송비 정책에 따라 달라지므로 참고용 추정치입니다.
B30: 순이익 = 정산예정액 − (도매원가 × 수량 + 공급배송비). 광고비·포장비·부가세는 포함되지 않습니다.
B31: 네이버쇼핑 유입이 아닌 주문이 대부분이라면 [설정]에서 네이버쇼핑 수수료율을 0 으로 두고 쓰세요.
B32: 주문이 400건을 넘으면 마지막 행(403행)을 복사해 아래로 붙여넣고, [대시보드]의 수식 범위도 같은 행까지 늘려주세요.
B33: '지연!' 판정은 파일을 여는 날짜(TODAY) 기준으로 매일 다시 계산됩니다.
B34: 매크로가 없는 순수 엑셀 파일입니다. 엑셀 2010 이상에서 열립니다. (구글 시트에서도 열리지만 드롭다운·표시 서식은 일부 다르게 보일 수 있습니다.)
A36: 재배포·재판매 금지 | B36: 구매자 본인의 사업장에서만 사용할 수 있습니다. 파일 원본의 공유·재판매를 금합니다.

Sheet 설정
A1: 설정
A2: 노란 배경 칸을 내 스토어 조건에 맞게 바꾸세요. [주문트래커]와 [대시보드]가 자동으로 따라갑니다.
A4: 설정 항목 | B4: 값 | C4: 설명
A5: 주문관리 수수료율 | B5: 0.0363 | C5: 스마트스토어 주문관리 수수료. 기본값은 신용/체크카드 기준 3.63%입니다. 결제수단마다 다르니 정산내역에서 확인 후 바꾸세요.
A6: 네이버쇼핑 수수료율 | B6: 0.02 | C6: 네이버쇼핑 검색으로 들어온 주문에 붙는 매출연동 수수료(기본 2%). 해당이 없으면 0 으로 바꾸면 계산에서 빠집니다.
A7: 수수료 합계 | B7: =B5+B6 -> 0.0563 | C7: ← 정산예정액 계산에 쓰이는 값입니다. (자동)
A8: 발주 지연 기준일 | B8: 1 | C8: 상태가 '신규'인 주문이 주문일로부터 이 일수 이상 지나면 [주문트래커]의 발주지연 칸에 '지연!' 이 뜹니다.
A10: 상태 목록 | C10: 설명
A11: 신규 | C11: 주문은 들어왔지만 아직 도매처에 발주하지 않은 상태 (= 미발주)
A12: 발주완료 | C12: 도매처에 발주하고 결제까지 마친 상태
A13: 배송중 | C13: 도매처가 출고해 운송장번호가 나온 상태
A14: 구매확정 | C14: 구매확정되어 정산이 확정된 상태
A15: 취소 | C15: 주문 취소·반품으로 종료된 상태
A17: ※ 상태 이름은 바꿔도 됩니다. 바꾸면 [주문트래커]의 드롭다운과 [대시보드]의 집계 항목이 함께 바뀝니다. 다만 행을 추가하거나 지우지는 마세요 (5개 고정). 이미 입력한 주문의 상태 글자는 자동으로 바뀌지 않으니 직접 고쳐야 합니다.

Sheet 주문트래커
A1: 주문트래커 | D1: 주문 1건 = 1행. 파란 글씨 칸만 채우면 오른쪽 4개 칸은 자동으로 계산됩니다.
A2: 필수 | B2: 필수 | C2: 선택 | D2: 선택 | E2: 필수 | F2: 필수 | G2: 필수 | H2: 필수 | I2: 필수 | J2: 나중입력 | K2: 나중입력 | L2: 나중입력 | M2: 자동 | N2: 자동 | O2: 자동 | P2: 자동
A3: 주문일 | B3: 주문번호 | C3: 상품명 | D3: 옵션 | E3: 수량 | F3: 판매가(개당) | G3: 도매원가(개당) | H3: 공급배송비 | I3: 상태 | J3: 발주일 | K3: 도매 주문번호 | L3: 운송장번호 | M3: 매출액(자동) | N3: 정산예정액(자동) | O3: 순이익(자동) | P3: 발주지연(자동)
A4: 46244 | B4: 2026081012345 | C4: 차량용 무선 미니 청소기 | D4: 화이트/기본형 | E4: 1 | F4: 13900 | G4: 7920 | H4: 2500 | I4: 발주완료 | J4: 46244 | K4: DG-2608-00871 | L4: 123456789012 | M4: =IF($B4="","",$F4*$E4) -> 13900 | N4: =IF($B4="","",$M4*(1-설정!$B$7)) -> 13117.43 | O4: =IF($B4="","",$N4-($G4*$E4+$H4)) -> 2697.43 | P4: =IF($B4="","",IF(AND($I4=설정!$A$11,$A4<>"",TODAY()-$A4>=설정!$B$8),"지연!",""))
A5: 46246 | B5: 2026081212346 | C5: 실리콘 주방 집게 3종 세트 | D5: 블랙/3P | E5: 2 | F5: 9900 | G5: 4300 | H5: 2500 | I5: 신규 | M5: =IF($B5="","",$F5*$E5) -> 19800 | N5: =IF($B5="","",$M5*(1-설정!$B$7)) -> 18685.26 | O5: =IF($B5="","",$N5-($G5*$E5+$H5)) -> 7585.26 | P5: =IF($B5="","",IF(AND($I5=설정!$A$11,$A5<>"",TODAY()-$A5>=설정!$B$8),"지연!",""))
M6: =IF($B6="","",$F6*$E6) | N6: =IF($B6="","",$M6*(1-설정!$B$7)) | O6: =IF($B6="","",$N6-($G6*$E6+$H6)) | P6: =IF($B6="","",IF(AND($I6=설정!$A$11,$A6<>"",TODAY()-$A6>=설정!$B$8),"지연!",""))
M7: =IF($B7="","",$F7*$E7) | N7: =IF($B7="","",$M7*(1-설정!$B$7)) | O7: =IF($B7="","",$N7-($G7*$E7+$H7)) | P7: =IF($B7="","",IF(AND($I7=설정!$A$11,$A7<>"",TODAY()-$A7>=설정!$B$8),"지연!",""))
M8: =IF($B8="","",$F8*$E8) | N8: =IF($B8="","",$M8*(1-설정!$B$7)) | O8: =IF($B8="","",$N8-($G8*$E8+$H8)) | P8: =IF($B8="","",IF(AND($I8=설정!$A$11,$A8<>"",TODAY()-$A8>=설정!$B$8),"지연!",""))
M9: =IF($B9="","",$F9*$E9) | N9: =IF($B9="","",$M9*(1-설정!$B$7)) | O9: =IF($B9="","",$N9-($G9*$E9+$H9)) | P9: =IF($B9="","",IF(AND($I9=설정!$A$11,$A9<>"",TODAY()-$A9>=설정!$B$8),"지연!",""))
M10: =IF($B10="","",$F10*$E10) | N10: =IF($B10="","",$M10*(1-설정!$B$7)) | O10: =IF($B10="","",$N10-($G10*$E10+$H10)) | P10: =IF($B10="","",IF(AND($I10=설정!$A$11,$A10<>"",TODAY()-$A10>=설정!$B$8),"지연!",""))
M11: =IF($B11="","",$F11*$E11) | N11: =IF($B11="","",$M11*(1-설정!$B$7)) | O11: =IF($B11="","",$N11-($G11*$E11+$H11)) | P11: =IF($B11="","",IF(AND($I11=설정!$A$11,$A11<>"",TODAY()-$A11>=설정!$B$8),"지연!",""))
M12: =IF($B12="","",$F12*$E12) | N12: =IF($B12="","",$M12*(1-설정!$B$7)) | O12: =IF($B12="","",$N12-($G12*$E12+$H12)) | P12: =IF($B12="","",IF(AND($I12=설정!$A$11,$A12<>"",TODAY()-$A12>=설정!$B$8),"지연!",""))
M13: =IF($B13="","",$F13*$E13) | N13: =IF($B13="","",$M13*(1-설정!$B$7)) | O13: =IF($B13="","",$N13-($G13*$E13+$H13)) | P13: =IF($B13="","",IF(AND($I13=설정!$A$11,$A13<>"",TODAY()-$A13>=설정!$B$8),"지연!",""))
M14: =IF($B14="","",$F14*$E14) | N14: =IF($B14="","",$M14*(1-설정!$B$7)) | O14: =IF($B14="","",$N14-($G14*$E14+$H14)) | P14: =IF($B14="","",IF(AND($I14=설정!$A$11,$A14<>"",TODAY()-$A14>=설정!$B$8),"지연!",""))
M15: =IF($B15="","",$F15*$E15) | N15: =IF($B15="","",$M15*(1-설정!$B$7)) | O15: =IF($B15="","",$N15-($G15*$E15+$H15)) | P15: =IF($B15="","",IF(AND($I15=설정!$A$11,$A15<>"",TODAY()-$A15>=설정!$B$8),"지연!",""))
M16: =IF($B16="","",$F16*$E16) | N16: =IF($B16="","",$M16*(1-설정!$B$7)) | O16: =IF($B16="","",$N16-($G16*$E16+$H16)) | P16: =IF($B16="","",IF(AND($I16=설정!$A$11,$A16<>"",TODAY()-$A16>=설정!$B$8),"지연!",""))
M17: =IF($B17="","",$F17*$E17) | N17: =IF($B17="","",$M17*(1-설정!$B$7)) | O17: =IF($B17="","",$N17-($G17*$E17+$H17)) | P17: =IF($B17="","",IF(AND($I17=설정!$A$11,$A17<>"",TODAY()-$A17>=설정!$B$8),"지연!",""))
... M403: =IF($B403="","",$F403*$E403) | N403: =IF($B403="","",$M403*(1-설정!$B$7)) | O403: =IF($B403="","",$N403-($G403*$E403+$H403)) | P403: =IF($B403="","",IF(AND($I403=설정!$A$11,$A403<>"",TODAY()-$A403>=설정!$B$8),"지연!",""))

Sheet 대시보드
A1: 대시보드
A2: [주문트래커]에 입력하면 자동으로 채워집니다. 직접 입력하는 칸은 아래 ④의 시작월 하나뿐입니다.
A4: ① 상태별 현황
A5: 상태 | B5: 건수 | C5: 매출액 합계
A6: =설정!$A$11 -> 신규 | B6: =COUNTIF(주문트래커!$I$4:$I$403,$A6) -> 1 | C6: =SUMIFS(주문트래커!$M$4:$M$403,주문트래커!$I$4:$I$403,$A6) -> 19800
A7: =설정!$A$12 -> 발주완료 | B7: =COUNTIF(주문트래커!$I$4:$I$403,$A7) -> 1 | C7: =SUMIFS(주문트래커!$M$4:$M$403,주문트래커!$I$4:$I$403,$A7) -> 13900
A8: =설정!$A$13 -> 배송중 | B8: =COUNTIF(주문트래커!$I$4:$I$403,$A8) -> 0 | C8: =SUMIFS(주문트래커!$M$4:$M$403,주문트래커!$I$4:$I$403,$A8) -> 0
A9: =설정!$A$14 -> 구매확정 | B9: =COUNTIF(주문트래커!$I$4:$I$403,$A9) -> 0 | C9: =SUMIFS(주문트래커!$M$4:$M$403,주문트래커!$I$4:$I$403,$A9) -> 0
A10: =설정!$A$15 -> 취소 | B10: =COUNTIF(주문트래커!$I$4:$I$403,$A10) -> 0 | C10: =SUMIFS(주문트래커!$M$4:$M$403,주문트래커!$I$4:$I$403,$A10) -> 0
A11: 합계 | B11: =SUM(B6:B10) -> 2 | C11: =SUM(C6:C10) -> 33700
A13: ② 지금 발주해야 할 것 (미발주)
A14: 미발주(신규) 건수 | B14: =COUNTIF(주문트래커!$I$4:$I$403,설정!$A$11) -> 1 | C14: ← 아직 도매처에 발주하지 않은 주문 수
A15: 발주에 필요한 현금 | B15: =SUMIFS(주문트래커!$N$4:$N$403,주문트래커!$I$4:$I$403,설정!$A$11)-SUMIFS(주문트래커!$O$4:$O$403,주문트래커!$I$4:$I$403,설정!$A$11) -> 11100 | C15: ← 미발주 주문의 (도매원가 × 수량 + 공급배송비) 합계. 정산예정액 합계 − 순이익 합계로 구합니다.
A16: 발주지연 건수 | B16: =COUNTIF(주문트래커!$P$4:$P$403,"지연!") -> 0 | C16: ← [설정]의 지연 기준일을 넘긴 미발주 주문 수. 이것부터 처리하세요.
A18: ③ 누적 실적 (전체 기간)
A19: 누적 주문 건수 | B19: =COUNTIF(주문트래커!$M$4:$M$403,">=0") -> 2 | C19: ← 주문번호가 입력된 행 수
A20: 누적 매출액 | B20: =SUM(주문트래커!$M$4:$M$403) -> 33700
A21: 누적 정산예정액 | B21: =SUM(주문트래커!$N$4:$N$403) -> 31802.69
A22: 누적 순이익 | B22: =SUM(주문트래커!$O$4:$O$403) -> 10282.69
A23: 누적 순이익률 | B23: =IFERROR(B22/B20,"") -> 0.30512433 | C23: ← 누적 순이익 ÷ 누적 매출액
A25: ④ 월별 집계 (12개월)
A26: 파란 글씨인 시작월만 바꾸면 12개월 전체가 따라 이동합니다. 그 달의 1일 날짜(예: 2026-08-01)로 입력하세요.
A27: 월 | B27: 주문 건수 | C27: 매출액 | D27: 정산예정액 | E27: 순이익
A28: 46235 | B28: =COUNTIFS(주문트래커!$A$4:$A$403,">="&$A28,주문트래커!$A$4:$A$403,"<"&EDATE($A28,1)) -> 2 | C28: =SUMIFS(주문트래커!$M$4:$M$403,주문트래커!$A$4:$A$403,">="&$A28,주문트래커!$A$4:$A$403,"<"&EDATE($A28,1)) -> 33700 | D28: =SUMIFS(주문트래커!$N$4:$N$403,주문트래커!$A$4:$A$403,">="&$A28,주문트래커!$A$4:$A$403,"<"&EDATE($A28,1)) -> 31802.69 | E28: =SUMIFS(주문트래커!$O$4:$O$403,주문트래커!$A$4:$A$403,">="&$A28,주문트래커!$A$4:$A$403,"<"&EDATE($A28,1)) -> 10282.69
A29: =EDATE($A28,1) -> 46266 | B29: =COUNTIFS(주문트래커!$A$4:$A$403,">="&$A29,주문트래커!$A$4:$A$403,"<"&EDATE($A29,1)) -> 0 | C29: =SUMIFS(주문트래커!$M$4:$M$403,주문트래커!$A$4:$A$403,">="&$A29,주문트래커!$A$4:$A$403,"<"&EDATE($A29,1)) -> 0 | D29: =SUMIFS(주문트래커!$N$4:$N$403,주문트래커!$A$4:$A$403,">="&$A29,주문트래커!$A$4:$A$403,"<"&EDATE($A29,1)) -> 0 | E29: =SUMIFS(주문트래커!$O$4:$O$403,주문트래커!$A$4:$A$403,">="&$A29,주문트래커!$A$4:$A$403,"<"&EDATE($A29,1)) -> 0
A30: =EDATE($A29,1) -> 46296 | B30: =COUNTIFS(주문트래커!$A$4:$A$403,">="&$A30,주문트래커!$A$4:$A$403,"<"&EDATE($A30,1)) -> 0 | C30: =SUMIFS(주문트래커!$M$4:$M$403,주문트래커!$A$4:$A$403,">="&$A30,주문트래커!$A$4:$A$403,"<"&EDATE($A30,1)) -> 0 | D30: =SUMIFS(주문트래커!$N$4:$N$403,주문트래커!$A$4:$A$403,">="&$A30,주문트래커!$A$4:$A$403,"<"&EDATE($A30,1)) -> 0 | E30: =SUMIFS(주문트래커!$O$4:$O$403,주문트래커!$A$4:$A$403,">="&$A30,주문트래커!$A$4:$A$403,"<"&EDATE($A30,1)) -> 0
A31: =EDATE($A30,1) -> 46327 | B31: =COUNTIFS(주문트래커!$A$4:$A$403,">="&$A31,주문트래커!$A$4:$A$403,"<"&EDATE($A31,1)) -> 0 | C31: =SUMIFS(주문트래커!$M$4:$M$403,주문트래커!$A$4:$A$403,">="&$A31,주문트래커!$A$4:$A$403,"<"&EDATE($A31,1)) -> 0 | D31: =SUMIFS(주문트래커!$N$4:$N$403,주문트래커!$A$4:$A$403,">="&$A31,주문트래커!$A$4:$A$403,"<"&EDATE($A31,1)) -> 0 | E31: =SUMIFS(주문트래커!$O$4:$O$403,주문트래커!$A$4:$A$403,">="&$A31,주문트래커!$A$4:$A$403,"<"&EDATE($A31,1)) -> 0
A32: =EDATE($A31,1) -> 46357 | B32: =COUNTIFS(주문트래커!$A$4:$A$403,">="&$A32,주문트래커!$A$4:$A$403,"<"&EDATE($A32,1)) -> 0 | C32: =SUMIFS(주문트래커!$M$4:$M$403,주문트래커!$A$4:$A$403,">="&$A32,주문트래커!$A$4:$A$403,"<"&EDATE($A32,1)) -> 0 | D32: =SUMIFS(주문트래커!$N$4:$N$403,주문트래커!$A$4:$A$403,">="&$A32,주문트래커!$A$4:$A$403,"<"&EDATE($A32,1)) -> 0 | E32: =SUMIFS(주문트래커!$O$4:$O$403,주문트래커!$A$4:$A$403,">="&$A32,주문트래커!$A$4:$A$403,"<"&EDATE($A32,1)) -> 0
A33: =EDATE($A32,1) -> 46388 | B33: =COUNTIFS(주문트래커!$A$4:$A$403,">="&$A33,주문트래커!$A$4:$A$403,"<"&EDATE($A33,1)) -> 0 | C33: =SUMIFS(주문트래커!$M$4:$M$403,주문트래커!$A$4:$A$403,">="&$A33,주문트래커!$A$4:$A$403,"<"&EDATE($A33,1)) -> 0 | D33: =SUMIFS(주문트래커!$N$4:$N$403,주문트래커!$A$4:$A$403,">="&$A33,주문트래커!$A$4:$A$403,"<"&EDATE($A33,1)) -> 0 | E33: =SUMIFS(주문트래커!$O$4:$O$403,주문트래커!$A$4:$A$403,">="&$A33,주문트래커!$A$4:$A$403,"<"&EDATE($A33,1)) -> 0
A34: =EDATE($A33,1) -> 46419 | B34: =COUNTIFS(주문트래커!$A$4:$A$403,">="&$A34,주문트래커!$A$4:$A$403,"<"&EDATE($A34,1)) -> 0 | C34: =SUMIFS(주문트래커!$M$4:$M$403,주문트래커!$A$4:$A$403,">="&$A34,주문트래커!$A$4:$A$403,"<"&EDATE($A34,1)) -> 0 | D34: =SUMIFS(주문트래커!$N$4:$N$403,주문트래커!$A$4:$A$403,">="&$A34,주문트래커!$A$4:$A$403,"<"&EDATE($A34,1)) -> 0 | E34: =SUMIFS(주문트래커!$O$4:$O$403,주문트래커!$A$4:$A$403,">="&$A34,주문트래커!$A$4:$A$403,"<"&EDATE($A34,1)) -> 0
A35: =EDATE($A34,1) -> 46447 | B35: =COUNTIFS(주문트래커!$A$4:$A$403,">="&$A35,주문트래커!$A$4:$A$403,"<"&EDATE($A35,1)) -> 0 | C35: =SUMIFS(주문트래커!$M$4:$M$403,주문트래커!$A$4:$A$403,">="&$A35,주문트래커!$A$4:$A$403,"<"&EDATE($A35,1)) -> 0 | D35: =SUMIFS(주문트래커!$N$4:$N$403,주문트래커!$A$4:$A$403,">="&$A35,주문트래커!$A$4:$A$403,"<"&EDATE($A35,1)) -> 0 | E35: =SUMIFS(주문트래커!$O$4:$O$403,주문트래커!$A$4:$A$403,">="&$A35,주문트래커!$A$4:$A$403,"<"&EDATE($A35,1)) -> 0
A36: =EDATE($A35,1) -> 46478 | B36: =COUNTIFS(주문트래커!$A$4:$A$403,">="&$A36,주문트래커!$A$4:$A$403,"<"&EDATE($A36,1)) -> 0 | C36: =SUMIFS(주문트래커!$M$4:$M$403,주문트래커!$A$4:$A$403,">="&$A36,주문트래커!$A$4:$A$403,"<"&EDATE($A36,1)) -> 0 | D36: =SUMIFS(주문트래커!$N$4:$N$403,주문트래커!$A$4:$A$403,">="&$A36,주문트래커!$A$4:$A$403,"<"&EDATE($A36,1)) -> 0 | E36: =SUMIFS(주문트래커!$O$4:$O$403,주문트래커!$A$4:$A$403,">="&$A36,주문트래커!$A$4:$A$403,"<"&EDATE($A36,1)) -> 0
A37: =EDATE($A36,1) -> 46508 | B37: =COUNTIFS(주문트래커!$A$4:$A$403,">="&$A37,주문트래커!$A$4:$A$403,"<"&EDATE($A37,1)) -> 0 | C37: =SUMIFS(주문트래커!$M$4:$M$403,주문트래커!$A$4:$A$403,">="&$A37,주문트래커!$A$4:$A$403,"<"&EDATE($A37,1)) -> 0 | D37: =SUMIFS(주문트래커!$N$4:$N$403,주문트래커!$A$4:$A$403,">="&$A37,주문트래커!$A$4:$A$403,"<"&EDATE($A37,1)) -> 0 | E37: =SUMIFS(주문트래커!$O$4:$O$403,주문트래커!$A$4:$A$403,">="&$A37,주문트래커!$A$4:$A$403,"<"&EDATE($A37,1)) -> 0
A38: =EDATE($A37,1) -> 46539 | B38: =COUNTIFS(주문트래커!$A$4:$A$403,">="&$A38,주문트래커!$A$4:$A$403,"<"&EDATE($A38,1)) -> 0 | C38: =SUMIFS(주문트래커!$M$4:$M$403,주문트래커!$A$4:$A$403,">="&$A38,주문트래커!$A$4:$A$403,"<"&EDATE($A38,1)) -> 0 | D38: =SUMIFS(주문트래커!$N$4:$N$403,주문트래커!$A$4:$A$403,">="&$A38,주문트래커!$A$4:$A$403,"<"&EDATE($A38,1)) -> 0 | E38: =SUMIFS(주문트래커!$O$4:$O$403,주문트래커!$A$4:$A$403,">="&$A38,주문트래커!$A$4:$A$403,"<"&EDATE($A38,1)) -> 0
A39: =EDATE($A38,1) -> 46569 | B39: =COUNTIFS(주문트래커!$A$4:$A$403,">="&$A39,주문트래커!$A$4:$A$403,"<"&EDATE($A39,1)) -> 0 | C39: =SUMIFS(주문트래커!$M$4:$M$403,주문트래커!$A$4:$A$403,">="&$A39,주문트래커!$A$4:$A$403,"<"&EDATE($A39,1)) -> 0 | D39: =SUMIFS(주문트래커!$N$4:$N$403,주문트래커!$A$4:$A$403,">="&$A39,주문트래커!$A$4:$A$403,"<"&EDATE($A39,1)) -> 0 | E39: =SUMIFS(주문트래커!$O$4:$O$403,주문트래커!$A$4:$A$403,">="&$A39,주문트래커!$A$4:$A$403,"<"&EDATE($A39,1)) -> 0
A40: 12개월 합계 | B40: =SUM(B28:B39) -> 2 | C40: =SUM(C28:C39) -> 33700 | D40: =SUM(D28:D39) -> 31802.69 | E40: =SUM(E28:E39) -> 10282.69

Sheet 공급처메모
A1: 공급처메모
A2: 도매처 정보를 직접 적어두는 시트입니다. 자동 계산은 없습니다. 배송 마감시간을 적어두면 오늘 발주가 언제까지 가능한지 바로 알 수 있습니다.
A3: 공급처명 | B3: 도매 사이트 | C3: 배송 마감시간 | D3: 고객센터 | E3: 메모
A4: (예시) 도매꾹 - 리빙마켓 | B4: domeggook.com | C4: 평일 14:00 | D4: 사이트 내 판매자 문의 게시판 | E4: 예시 행입니다 — 지우고 쓰세요. 공급배송비 2,500원 별도 · 주말 발주는 월요일 출고
