Workbook

Sheet 사용법
A1: 추석 선물·예산 플래너
A2: 추석 선물·차례 준비 예산을 한 파일에서 관리하는 엑셀 서식입니다. 매크로가 없는 순수 수식 파일이라 보안 경고 없이 열립니다 (엑셀 2010 이상 / 구글 시트 업로드 가능).
A4: 1. 색상 규칙 | B4: 의미
A5: 파란 글씨 | B5: 내가 직접 입력하는 칸입니다.
A6: 노란 배경 | B6: 반드시 채워야 하는 필수 칸입니다 (파란 글씨 + 노란 배경).
A7: 검정 글씨 | B7: 수식이 자동으로 계산하는 칸입니다. 덮어쓰면 계산이 깨집니다.
A8: 흰 글씨 + 남색 배경 | B8: 표의 머리글입니다.
A9: 회색 배경 행 | B9: 예시 행입니다. 내용을 지우고 내 것으로 채우세요.
A11: 2. 쓰는 순서 | B11: 할 일
A12: 1단계 | B12: [설정] 시트에서 분류별 예산 3칸(선물 / 차례·장보기 / 여행·교통)을 내 사정에 맞게 고칩니다.
A13: 2단계 | B13: [설정] 시트의 대상 그룹 목록 8칸을 내 가족 구성에 맞게 고칩니다. 고치면 드롭다운과 대시보드 집계가 함께 따라갑니다.
A14: 3단계 | B14: [선물리스트]에 줄 사람과 선물을 한 줄씩 적습니다. 대상 그룹과 상태는 드롭다운에서 고릅니다.
A15: 4단계 | B15: [장보기체크]에 차례상·음식·생활용품을 적고, 사고 나면 '구매 완료' 칸에 O 를 넣습니다.
A16: 5단계 | B16: [대시보드]에서 예산 대비 지출, 잔여 예산, 그룹별 지출, 진행률을 확인합니다. 입력 칸이 없는 시트입니다.
... A50: 이용 범위 | B50: 구매하신 분 본인의 사용을 위한 파일입니다. 재판매·재배포는 하실 수 없습니다.

Sheet 설정
A1: 설정
A2: 노란 배경 칸을 내 상황에 맞게 바꾸세요. [선물리스트]의 드롭다운과 [대시보드]의 집계가 자동으로 따라갑니다.
A4: 예산 분류 | B4: 예산(원) | C4: 설명
A5: 선물 | B5: 900000 | C5: [선물리스트] 시트에 적는 선물 구입 예산입니다.
A6: 차례·장보기 | B6: 500000 | C6: [장보기체크] 시트의 차례상·음식·생활용품 예산입니다.
A7: 여행·교통 | B7: 300000 | C7: 귀성 교통비·주유비·숙박비 등입니다. 이 분류만 지출 입력 시트가 따로 없어, 아래 11행에 합계를 직접 적습니다.
A8: 예산 합계 | B8: =SUM(B5:B7) -> 1700000 | C8: ← 자동 계산입니다. 직접 고치지 마세요.
A10: 직접 입력 지출 | B10: 금액(원) | C10: 설명
A11: 여행·교통 지출 | B11: 0 | C11: 교통비·숙박비 영수증 합계를 직접 적으면 [대시보드]의 여행·교통 지출 칸에 그대로 반영됩니다.
A13: 대상 그룹 목록 | B13: 선물 상태 목록 | C13: 장보기 분류 목록
A14: 부모님 | B14: 계획 | C14: 차례상
A15: 시부모님·처가 | B15: 주문 | C15: 음식
A16: 조부모 | B16: 완료 | C16: 생활
A17: 형제자매
A18: 친척
A19: 지인·이웃
A20: 직장
A21: 기타
A23: · 대상 그룹 8칸은 이름을 자유롭게 바꿔도 됩니다. 바꾸면 [선물리스트] 드롭다운과 [대시보드] 그룹별 집계가 같이 바뀝니다.
A24: · 선물 상태와 장보기 분류도 바꿀 수 있지만, 대시보드가 이 세 칸을 그대로 읽어 집계하므로 개수는 3개로 유지하세요.

Sheet 선물리스트
A1: 선물리스트
A2: 선물 1건을 1줄로 적습니다. 5~104행 100줄. 회색 배경의 5·6행은 예시이니 내용을 지우고 쓰세요. H열(절약액)은 자동 계산이라 손대지 마세요.
A3: 필수 | B3: 필수 | C3: 필수 | D3: 필수 | E3: 나중 입력 | F3: 선택 | G3: 필수 | H3: 자동 | I3: 선택
A4: 대상 그룹 | B4: 받는 분 | C4: 선물 품목 | D4: 예상 가격 | E4: 실제 구매가 | F4: 구매처 | G4: 상태 | H4: 절약액(예상-실제) | I4: 메모
A5: 부모님 | B5: 어머니 | C5: 한우 정육 선물세트 1호 | D5: 150000 | E5: 142000 | F5: 이마트 트레이더스 | G5: 완료 | H5: =IF($C5="","",IF($D5="","",IF($E5="","",$D5-$E5))) -> 8000 | I5: 9/12 매장 방문 수령
A6: 직장 | B6: 김과장님 | C6: 홍삼정 스틱 30포 | D6: 60000 | F6: 쿠팡 | G6: 주문 | H6: =IF($C6="","",IF($D6="","",IF($E6="","",$D6-$E6))) | I6: 9/20 도착 예정
H7: =IF($C7="","",IF($D7="","",IF($E7="","",$D7-$E7)))
H8: =IF($C8="","",IF($D8="","",IF($E8="","",$D8-$E8)))
H9: =IF($C9="","",IF($D9="","",IF($E9="","",$D9-$E9)))
H10: =IF($C10="","",IF($D10="","",IF($E10="","",$D10-$E10)))
H11: =IF($C11="","",IF($D11="","",IF($E11="","",$D11-$E11)))
H12: =IF($C12="","",IF($D12="","",IF($E12="","",$D12-$E12)))
H13: =IF($C13="","",IF($D13="","",IF($E13="","",$D13-$E13)))
H14: =IF($C14="","",IF($D14="","",IF($E14="","",$D14-$E14)))
H15: =IF($C15="","",IF($D15="","",IF($E15="","",$D15-$E15)))
H16: =IF($C16="","",IF($D16="","",IF($E16="","",$D16-$E16)))
H17: =IF($C17="","",IF($D17="","",IF($E17="","",$D17-$E17)))
H18: =IF($C18="","",IF($D18="","",IF($E18="","",$D18-$E18)))
... H104: =IF($C104="","",IF($D104="","",IF($E104="","",$D104-$E104)))

Sheet 장보기체크
A1: 장보기체크
A2: 차례상·음식·생활용품을 1줄씩 적습니다. 5~84행 80줄. 회색 배경의 5·6행은 예시입니다. 가격은 그 줄의 총액(단가×수량)으로 적어야 [대시보드] 합계가 맞습니다. 사고 나면 '구매 완료'에 O 를 넣으세요.
A3: 필수 | B3: 필수 | C3: 선택 | D3: 필수 | E3: 나중 입력 | F3: 나중 입력 | G3: 선택
A4: 분류 | B4: 품목 | C4: 수량 | D4: 예상 가격 | E4: 실제 가격 | F4: 구매 완료 | G4: 메모
A5: 차례상 | B5: 사과 (대과 5개입) | C5: 1박스 | D5: 25000 | E5: 23800 | F5: O | G5: 제수용, 흠 없는 것으로
A6: 음식 | B6: 전 부침 재료 (동태포·애호박·계란) | C6: 1세트 | D6: 30000 | G6: 9/23 시장에서

Sheet 대시보드
A1: 대시보드
A2: 모든 숫자는 [설정]·[선물리스트]·[장보기체크]에서 자동으로 계산됩니다. 이 시트에는 입력 칸이 없습니다.
A4: ① 분류별 예산 대비 지출 | B4: 예산 | C4: 지출 | D4: 잔여 예산 | E4: 집행률
A5: =IF(설정!$A$5="","",설정!$A$5) -> 선물 | B5: =설정!$B$5 -> 900000 | C5: =SUM(선물리스트!$E$5:$E$104) -> 142000 | D5: =B5-C5 -> 758000 | E5: =IFERROR(C5/B5,"") -> 0.15777778 | F5: ← [선물리스트] 실제 구매가 합계
A6: =IF(설정!$A$6="","",설정!$A$6) -> 차례·장보기 | B6: =설정!$B$6 -> 500000 | C6: =SUM(장보기체크!$E$5:$E$84) -> 23800 | D6: =B6-C6 -> 476200 | E6: =IFERROR(C6/B6,"") -> 0.0476 | F6: ← [장보기체크] 실제 가격 합계
A7: =IF(설정!$A$7="","",설정!$A$7) -> 여행·교통 | B7: =설정!$B$7 -> 300000 | C7: =설정!$B$11 -> 0 | D7: =B7-C7 -> 300000 | E7: =IFERROR(C7/B7,"") -> 0 | F7: ← [설정] 시트에 직접 적은 여행·교통 지출
A8: 합계 | B8: =SUM(B5:B7) -> 1700000 | C8: =SUM(C5:C7) -> 165800 | D8: =B8-C8 -> 1534200 | E8: =IFERROR(C8/B8,"") -> 0.097529412 | F8: ← 잔여 예산이 음수면 예산을 넘긴 것입니다
A10: ② 대상 그룹별 선물 지출 | B10: 건수 | C10: 예상 가격 합계 | D10: 실제 지출 | E10: 절약액
A11: =IF(설정!$A$14="","",설정!$A$14) -> 부모님 | B11: =IF($A11="","",COUNTIFS(선물리스트!$A$5:$A$104,$A11)) -> 1 | C11: =IF($A11="","",SUMIFS(선물리스트!$D$5:$D$104,선물리스트!$A$5:$A$104,$A11)) -> 150000 | D11: =IF($A11="","",SUMIFS(선물리스트!$E$5:$E$104,선물리스트!$A$5:$A$104,$A11)) -> 142000 | E11: =IF($A11="","",SUMIFS(선물리스트!$H$5:$H$104,선물리스트!$A$5:$A$104,$A11)) -> 8000 | F11: ← 그룹 이름은 [설정] 시트를 그대로 읽어 옵니다
A12: =IF(설정!$A$15="","",설정!$A$15) -> 시부모님·처가 | B12: =IF($A12="","",COUNTIFS(선물리스트!$A$5:$A$104,$A12)) -> 0 | C12: =IF($A12="","",SUMIFS(선물리스트!$D$5:$D$104,선물리스트!$A$5:$A$104,$A12)) -> 0 | D12: =IF($A12="","",SUMIFS(선물리스트!$E$5:$E$104,선물리스트!$A$5:$A$104,$A12)) -> 0 | E12: =IF($A12="","",SUMIFS(선물리스트!$H$5:$H$104,선물리스트!$A$5:$A$104,$A12)) -> 0
A13: =IF(설정!$A$16="","",설정!$A$16) -> 조부모 | B13: =IF($A13="","",COUNTIFS(선물리스트!$A$5:$A$104,$A13)) -> 0 | C13: =IF($A13="","",SUMIFS(선물리스트!$D$5:$D$104,선물리스트!$A$5:$A$104,$A13)) -> 0 | D13: =IF($A13="","",SUMIFS(선물리스트!$E$5:$E$104,선물리스트!$A$5:$A$104,$A13)) -> 0 | E13: =IF($A13="","",SUMIFS(선물리스트!$H$5:$H$104,선물리스트!$A$5:$A$104,$A13)) -> 0
A14: =IF(설정!$A$17="","",설정!$A$17) -> 형제자매 | B14: =IF($A14="","",COUNTIFS(선물리스트!$A$5:$A$104,$A14)) -> 0 | C14: =IF($A14="","",SUMIFS(선물리스트!$D$5:$D$104,선물리스트!$A$5:$A$104,$A14)) -> 0 | D14: =IF($A14="","",SUMIFS(선물리스트!$E$5:$E$104,선물리스트!$A$5:$A$104,$A14)) -> 0 | E14: =IF($A14="","",SUMIFS(선물리스트!$H$5:$H$104,선물리스트!$A$5:$A$104,$A14)) -> 0
A15: =IF(설정!$A$18="","",설정!$A$18) -> 친척 | B15: =IF($A15="","",COUNTIFS(선물리스트!$A$5:$A$104,$A15)) -> 0 | C15: =IF($A15="","",SUMIFS(선물리스트!$D$5:$D$104,선물리스트!$A$5:$A$104,$A15)) -> 0 | D15: =IF($A15="","",SUMIFS(선물리스트!$E$5:$E$104,선물리스트!$A$5:$A$104,$A15)) -> 0 | E15: =IF($A15="","",SUMIFS(선물리스트!$H$5:$H$104,선물리스트!$A$5:$A$104,$A15)) -> 0
A16: =IF(설정!$A$19="","",설정!$A$19) -> 지인·이웃 | B16: =IF($A16="","",COUNTIFS(선물리스트!$A$5:$A$104,$A16)) -> 0 | C16: =IF($A16="","",SUMIFS(선물리스트!$D$5:$D$104,선물리스트!$A$5:$A$104,$A16)) -> 0 | D16: =IF($A16="","",SUMIFS(선물리스트!$E$5:$E$104,선물리스트!$A$5:$A$104,$A16)) -> 0 | E16: =IF($A16="","",SUMIFS(선물리스트!$H$5:$H$104,선물리스트!$A$5:$A$104,$A16)) -> 0
A17: =IF(설정!$A$20="","",설정!$A$20) -> 직장 | B17: =IF($A17="","",COUNTIFS(선물리스트!$A$5:$A$104,$A17)) -> 1 | C17: =IF($A17="","",SUMIFS(선물리스트!$D$5:$D$104,선물리스트!$A$5:$A$104,$A17)) -> 60000 | D17: =IF($A17="","",SUMIFS(선물리스트!$E$5:$E$104,선물리스트!$A$5:$A$104,$A17)) -> 0 | E17: =IF($A17="","",SUMIFS(선물리스트!$H$5:$H$104,선물리스트!$A$5:$A$104,$A17)) -> 0
A18: =IF(설정!$A$21="","",설정!$A$21) -> 기타 | B18: =IF($A18="","",COUNTIFS(선물리스트!$A$5:$A$104,$A18)) -> 0 | C18: =IF($A18="","",SUMIFS(선물리스트!$D$5:$D$104,선물리스트!$A$5:$A$104,$A18)) -> 0 | D18: =IF($A18="","",SUMIFS(선물리스트!$E$5:$E$104,선물리스트!$A$5:$A$104,$A18)) -> 0 | E18: =IF($A18="","",SUMIFS(선물리스트!$H$5:$H$104,선물리스트!$A$5:$A$104,$A18)) -> 0
A19: 합계 | B19: =SUM(B11:B18) -> 2 | C19: =SUM(C11:C18) -> 210000 | D19: =SUM(D11:D18) -> 142000 | E19: =SUM(E11:E18) -> 8000 | F19: ← 목록에 없는 그룹명을 직접 친 줄은 여기에 잡히지 않습니다
A21: ③ 선물 상태별 건수 | B21: 건수 | C21: 예상 가격 합계 | D21: 실제 지출
A22: =IF(설정!$B$14="","",설정!$B$14) -> 계획 | B22: =IF($A22="","",COUNTIFS(선물리스트!$G$5:$G$104,$A22)) -> 0 | C22: =IF($A22="","",SUMIFS(선물리스트!$D$5:$D$104,선물리스트!$G$5:$G$104,$A22)) -> 0 | D22: =IF($A22="","",SUMIFS(선물리스트!$E$5:$E$104,선물리스트!$G$5:$G$104,$A22)) -> 0 | F22: ← 상태 이름도 [설정] 시트를 그대로 읽어 옵니다
A23: =IF(설정!$B$15="","",설정!$B$15) -> 주문 | B23: =IF($A23="","",COUNTIFS(선물리스트!$G$5:$G$104,$A23)) -> 1 | C23: =IF($A23="","",SUMIFS(선물리스트!$D$5:$D$104,선물리스트!$G$5:$G$104,$A23)) -> 60000 | D23: =IF($A23="","",SUMIFS(선물리스트!$E$5:$E$104,선물리스트!$G$5:$G$104,$A23)) -> 0
A24: =IF(설정!$B$16="","",설정!$B$16) -> 완료 | B24: =IF($A24="","",COUNTIFS(선물리스트!$G$5:$G$104,$A24)) -> 1 | C24: =IF($A24="","",SUMIFS(선물리스트!$D$5:$D$104,선물리스트!$G$5:$G$104,$A24)) -> 150000 | D24: =IF($A24="","",SUMIFS(선물리스트!$E$5:$E$104,선물리스트!$G$5:$G$104,$A24)) -> 142000
A26: ④ 진행 현황 | B26: 값 | C26: 계산 방법
A27: 선물 전체 건수 | B27: =COUNTIF(선물리스트!$C$5:$C$104,"<>") -> 2 | C27: [선물리스트]에 선물 품목이 적힌 줄 수
A28: 선물 완료 건수 | B28: =B24 -> 1 | C28: 상태가 '완료'인 줄 수 (③번 표의 완료 건수)
A29: 선물 진행률 | B29: =IFERROR(B28/B27,"") -> 0.5 | C29: 선물 완료 건수 ÷ 선물 전체 건수
A30: 장보기 전체 건수 | B30: =COUNTIF(장보기체크!$B$5:$B$84,"<>") -> 2 | C30: [장보기체크]에 품목이 적힌 줄 수
A31: 장보기 완료 건수 | B31: =COUNTIF(장보기체크!$F$5:$F$84,"O") -> 1 | C31: '구매 완료'에 O 가 있는 줄 수
A32: 장보기 진행률 | B32: =IFERROR(B31/B30,"") -> 0.5 | C32: 장보기 완료 건수 ÷ 장보기 전체 건수
A33: 전체 준비 진행률 | B33: =IFERROR((B28+B31)/(B27+B30),"") -> 0.5 | C33: (선물 완료 + 장보기 완료) ÷ (선물 전체 + 장보기 전체)

Sheet 연휴일정
A1: 연휴일정
A2: 2026년 추석 정보 | B2: 내용
A3: 추석 당일 | B3: 2026-09-25 (금)
A4: 연휴 기간 | B4: 2026-09-24 (목) ~ 2026-09-26 (토), 3일
A5: 대체공휴일 | B5: 없음 — 연휴에 일요일이 포함되지 않아 지정되지 않았습니다.
A6: 기준 | B6: 추석은 음력 8월 15일이라 양력 날짜가 해마다 다릅니다. 다른 해에 쓰실 때는 달력을 확인하세요.
A7: 확인일 | B7: 2026-08-12 (웹 확인)
A8: 아래 표에 연휴 동안의 이동·차례·방문 일정을 적으세요. 수식이 없는 시트라 자유롭게 쓰셔도 됩니다. (10~39행, 30줄)
A9: 날짜 | B9: 시간 | C9: 일정 | D9: 장소 | E9: 메모
